"Segment,Total_Customers,Avg_Recency,Avg_Frequency,Avg_Monetary,Avg_CLV,Avg_Return_Value,Churn_Rate"
"At Risk,1082,366.99722735674675,2.8733826247689462,857.8533179297598,857.8533179297598,31.706044362292054,0.9325323475046211"
"Champions,1120,67.19615773508595,18.34017857142857,10351.501330357143,10351.501330357143,397.87636607142855,0.2910714285714286"
"Lost,713,558.3422159887798,1.573632538569425,326.8078962131837,326.8078962131837,9.060757363253856,1.0"
"Loyal,2948,219.74790502793297,3.9657394843962006,1550.2168453188601,1550.2168453188601,126.66081411126187,0.36295793758480327"
